<?xml version="1.0" encoding="UTF-8" ?>
<!DOCTYPE sqlMap PUBLIC "-//ibatis.apache.org//DTD SQL Map 2.0//EN" 
 "http://ibatis.apache.org/dtd/sql-map-2.dtd" >

<sqlMap namespace="MovieDAO" >
  <resultMap id="MovieResult" class="jug.domain.Movie" groupBy="id" >
    <result column="movie_id" property="id" />
    <result column="name" property="name" />
    <result column="plot_summary" property="plotSummary" />
    <result column="release_date" property="releaseDate" />
    <result property="awards" resultMap="MovieAwardDAO.MovieAwardResult" />
  </resultMap>
  
  <select id="findMovie" resultMap="MovieResult" parameterClass="java.lang.Integer" >
    select a.movie_id, a.name, a.plot_summary, a.release_date, c.award_id, c.description
    from jug.movie a left join jug.movie_award b on a.movie_id = b.movie_id
      left join jug.award c on b.award_id = c.award_id
    <isParameterPresent>
      where a.movie_id = #value#
    </isParameterPresent>
    <isNotParameterPresent>
      order by a.name
    </isNotParameterPresent>
  </select>
  
  <select id="findMoviesByCriteria" resultMap="MovieResult" parameterClass="jug.domain.MovieSearchCriteria" >
    select a.movie_id, a.name, a.plot_summary, a.release_date, c.award_id, c.description
    from jug.movie a left join jug.movie_award b on a.movie_id = b.movie_id
      left join jug.award c on b.award_id = c.award_id
    <dynamic prepend="where">
      <isNotNull prepend="and" property="releaseDate">
        a.release_date = #releaseDate:DATE#
      </isNotNull>
      <isNotNull prepend="and" property="namePattern">
        a.name like #namePattern:VARCHAR#
      </isNotNull>
    </dynamic>
  </select>
  
  <select id="findMoviesByIds" resultMap="MovieResult" parameterClass="java.util.List" >
    select a.movie_id, a.name, a.plot_summary, a.release_date, c.award_id, c.description
    from jug.movie a left join jug.movie_award b on a.movie_id = b.movie_id
      left join jug.award c on b.award_id = c.award_id
    where a.movie_id in
    <iterate open="(" close=")" conjunction=",">
      #[]#
    </iterate>
  </select>
  
  <insert id="insertMovie" parameterClass="jug.domain.Movie">
    insert into jug.movie
      (name, plot_summary, release_date)
    values(#name:VARCHAR#, #plotSummary:VARCHAR#, #releaseDate:DATE#)
    <selectKey keyProperty="id" resultClass="java.lang.Integer">
      VALUES IDENTITY_VAL_LOCAL()
    </selectKey>
  </insert>
  
  <update id="updateMovie" parameterClass="jug.domain.Movie">
    update jug.movie
    set name = #name:VARCHAR#,
        plot_summary = #plotSummary:VARCHAR#,
        release_date = #releaseDate:DATE#
    where movie_id = #id:INTEGER#
  </update>
  
  <insert id="insertMovieAward" parameterClass="java.util.Map">
    insert into jug.movie_award (movie_id, award_id)
    values (#movie_id:INTEGER#, #award_id:INTEGER#)
  </insert>
  
  <delete id="deleteAllMovieAwards" parameterClass="java.lang.Integer">
    delete from jug.movie_award
    where movie_id = #value#
  </delete>
  
  <delete id="deleteMovie" parameterClass="java.lang.Integer">
    delete from jug.movie
    where movie_id = #value#
  </delete>
</sqlMap>
