<?xml version="1.0" encoding="UTF-8"?>
<!DOCTYPE sqlMap PUBLIC "-//ibatis.apache.org//DTD SQL Map 2.0//EN"
 "http://ibatis.apache.org/dtd/sql-map-2.dtd">

<sqlMap namespace="MovieAwardDAO">

  <resultMap class="jug.domain.MovieAward" id="MovieAwardResult">
    <result column="award_id" property="id"/>
    <result column="description" property="description"/>
  </resultMap>
  
  <select id="findMovieAward" parameterClass="java.lang.Integer" resultMap="MovieAwardResult">
    select award_id, description
    from jug.award
    where award_id = #value#
  </select>
  
  <select id="findAllMovieAwards" resultMap="MovieAwardResult">
    select award_id, description
    from jug.award
    order by description
  </select>
  
  <delete id="deleteMovieAward" parameterClass="java.lang.Integer">
    delete from jug.award
    where award_id = #value#
  </delete>
  
  <insert id="insertMovieAward" parameterClass="jug.domain.MovieAward">
    insert into jug.award (description)
    values (#description:VARCHAR#)
    <selectKey keyProperty="id" resultClass="java.lang.Integer">
      VALUES IDENTITY_VAL_LOCAL()
    </selectKey>
  </insert>
  
  <update id="updateMovieAward" parameterClass="jug.domain.MovieAward">
    update jug.award
    set description = #description:VARCHAR#
    where award_id = #id:INTEGER#
  </update>
  
</sqlMap>
