<?xml version="1.0" encoding="UTF-8"?>
<!DOCTYPE abatorConfiguration
  PUBLIC "-//Apache Software Foundation//DTD Abator for iBATIS Configuration 1.0//EN"
  "http://ibatis.apache.org/dtd/abator-config_1_0.dtd">

<abatorConfiguration>
  
  <abatorContext generatorSet="Java5">
    <jdbcConnection driverClass="org.apache.derby.jdbc.EmbeddedDriver"
        connectionURL="jdbc:derby:/derby_databases/jug" />

    <javaModelGenerator targetPackage="jug.abator.generated.domain" targetProject="${generated.source.dir}"/>

    <sqlMapGenerator targetPackage="jug.abator.generated.sql"  targetProject="${generated.source.dir}"/>

    <daoGenerator type="SPRING" targetPackage="jug.abator.generated.dao"  targetProject="${generated.source.dir}"/>

    <table schema="jug" tableName="movie" domainObjectName="BasicMovie">
      <generatedKey column="movie_id" sqlStatement="derby" identity="true" />
      <columnOverride column="movie_id" property="id"/>
    </table>
    
    <table schema="jug" tableName="award" domainObjectName="MovieAward">
      <generatedKey column="award_id" sqlStatement="derby" identity="true" />
      <columnOverride column="award_id" property="id"/>
    </table>
    
    <!-- We make the model type flat so that the generated class does not have the 
         word "key" in the name -->
    <table schema="jug" tableName="movie_award"
           domainObjectName="MovieAwardLink" 
           modelType="flat"/>
  </abatorContext>

</abatorConfiguration>
