<?xml version="1.0" encoding="UTF-8"?>
<!DOCTYPE sqlMap PUBLIC "-//ibatis.apache.org//DTD SQL Map 2.0//EN" "http://ibatis.apache.org/dtd/sql-map-2.dtd">
<sqlMap namespace="JUG_MOVIE_AWARD">
  <resultMap class="jug.abator.generated.domain.MovieAwardLink" id="abatorgenerated_MovieAwardLinkResult">
    <!--
      WARNING - This element is automatically generated by Abator for iBATIS, do not modify.
      This element was generated on Thu Mar 01 13:40:53 CST 2007.
    -->
    <result column="AWARD_ID" jdbcType="INTEGER" property="awardId"/>
    <result column="MOVIE_ID" jdbcType="INTEGER" property="movieId"/>
  </resultMap>
  <sql id="abatorgenerated_Example_Where_Clause">
    <!--
      WARNING - This element is automatically generated by Abator for iBATIS, do not modify.
      This element was generated on Thu Mar 01 13:40:53 CST 2007.
    -->
    <iterate conjunction="or" prepend="where" property="oredCriteria" removeFirstPrepend="iterate">
      (
      <iterate conjunction="and" prepend="and" property="oredCriteria[].criteriaWithoutValue">
        $oredCriteria[].criteriaWithoutValue[]$
      </iterate>
      <iterate conjunction="and" prepend="and" property="oredCriteria[].criteriaWithSingleValue">
        $oredCriteria[].criteriaWithSingleValue[].condition$
          #oredCriteria[].criteriaWithSingleValue[].value#
      </iterate>
      <iterate conjunction="and" prepend="and" property="oredCriteria[].criteriaWithListValue">
        $oredCriteria[].criteriaWithListValue[].condition$
        <iterate close=")" conjunction="," open="(" property="oredCriteria[].criteriaWithListValue[].values">
          #oredCriteria[].criteriaWithListValue[].values[]#
        </iterate>
      </iterate>
      <iterate conjunction="and" prepend="and" property="oredCriteria[].criteriaWithBetweenValue">
        $oredCriteria[].criteriaWithBetweenValue[].condition$
        #oredCriteria[].criteriaWithBetweenValue[].values[0]# and
        #oredCriteria[].criteriaWithBetweenValue[].values[1]#
      </iterate>
      )
    </iterate>
  </sql>
  <select id="abatorgenerated_selectByExample" parameterClass="jug.abator.generated.domain.MovieAwardLinkExample" resultMap="abatorgenerated_MovieAwardLinkResult">
    <!--
      WARNING - This element is automatically generated by Abator for iBATIS, do not modify.
      This element was generated on Thu Mar 01 13:40:53 CST 2007.
    -->
    select AWARD_ID, MOVIE_ID
    from JUG.MOVIE_AWARD
    <isParameterPresent>
      <include refid="JUG_MOVIE_AWARD.abatorgenerated_Example_Where_Clause"/>
      <isNotNull property="orderByClause">
        order by $orderByClause$
      </isNotNull>
    </isParameterPresent>
  </select>
  <delete id="abatorgenerated_deleteByPrimaryKey" parameterClass="jug.abator.generated.domain.MovieAwardLink">
    <!--
      WARNING - This element is automatically generated by Abator for iBATIS, do not modify.
      This element was generated on Thu Mar 01 13:40:53 CST 2007.
    -->
    delete from JUG.MOVIE_AWARD
    where AWARD_ID = #awardId:INTEGER#
      and MOVIE_ID = #movieId:INTEGER#
  </delete>
  <delete id="abatorgenerated_deleteByExample" parameterClass="jug.abator.generated.domain.MovieAwardLinkExample">
    <!--
      WARNING - This element is automatically generated by Abator for iBATIS, do not modify.
      This element was generated on Thu Mar 01 13:40:53 CST 2007.
    -->
    delete from JUG.MOVIE_AWARD
    <include refid="JUG_MOVIE_AWARD.abatorgenerated_Example_Where_Clause"/>
  </delete>
  <insert id="abatorgenerated_insert" parameterClass="jug.abator.generated.domain.MovieAwardLink">
    <!--
      WARNING - This element is automatically generated by Abator for iBATIS, do not modify.
      This element was generated on Thu Mar 01 13:40:53 CST 2007.
    -->
    insert into JUG.MOVIE_AWARD (AWARD_ID, MOVIE_ID)
    values (#awardId:INTEGER#, #movieId:INTEGER#)
  </insert>
</sqlMap>
