<?xml version="1.0" encoding="UTF-8"?>
<!DOCTYPE sqlMap PUBLIC "-//ibatis.apache.org//DTD SQL Map 2.0//EN" "http://ibatis.apache.org/dtd/sql-map-2.dtd">
<sqlMap namespace="JUG_MOVIE">
  <resultMap class="jug.abator.generated.domain.BasicMovie" id="abatorgenerated_BasicMovieResult">
    <!--
      WARNING - This element is automatically generated by Abator for iBATIS, do not modify.
      This element was generated on Thu Mar 01 13:40:53 CST 2007.
    -->
    <result column="MOVIE_ID" jdbcType="INTEGER" property="id"/>
    <result column="NAME" jdbcType="VARCHAR" property="name"/>
    <result column="PLOT_SUMMARY" jdbcType="VARCHAR" property="plotSummary"/>
    <result column="RELEASE_DATE" jdbcType="DATE" property="releaseDate"/>
  </resultMap>
  <sql id="abatorgenerated_Example_Where_Clause">
    <!--
      WARNING - This element is automatically generated by Abator for iBATIS, do not modify.
      This element was generated on Thu Mar 01 13:40:53 CST 2007.
    -->
    <iterate conjunction="or" prepend="where" property="oredCriteria" removeFirstPrepend="iterate">
      (
      <iterate conjunction="and" prepend="and" property="oredCriteria[].criteriaWithoutValue">
        $oredCriteria[].criteriaWithoutValue[]$
      </iterate>
      <iterate conjunction="and" prepend="and" property="oredCriteria[].criteriaWithSingleValue">
        $oredCriteria[].criteriaWithSingleValue[].condition$
          #oredCriteria[].criteriaWithSingleValue[].value#
      </iterate>
      <iterate conjunction="and" prepend="and" property="oredCriteria[].criteriaWithListValue">
        $oredCriteria[].criteriaWithListValue[].condition$
        <iterate close=")" conjunction="," open="(" property="oredCriteria[].criteriaWithListValue[].values">
          #oredCriteria[].criteriaWithListValue[].values[]#
        </iterate>
      </iterate>
      <iterate conjunction="and" prepend="and" property="oredCriteria[].criteriaWithBetweenValue">
        $oredCriteria[].criteriaWithBetweenValue[].condition$
        #oredCriteria[].criteriaWithBetweenValue[].values[0]# and
        #oredCriteria[].criteriaWithBetweenValue[].values[1]#
      </iterate>
      )
    </iterate>
  </sql>
  <select id="abatorgenerated_selectByPrimaryKey" parameterClass="jug.abator.generated.domain.BasicMovie" resultMap="abatorgenerated_BasicMovieResult">
    <!--
      WARNING - This element is automatically generated by Abator for iBATIS, do not modify.
      This element was generated on Thu Mar 01 13:40:53 CST 2007.
    -->
    select MOVIE_ID, NAME, PLOT_SUMMARY, RELEASE_DATE
    from JUG.MOVIE
    where MOVIE_ID = #id:INTEGER#
  </select>
  <select id="abatorgenerated_selectByExample" parameterClass="jug.abator.generated.domain.BasicMovieExample" resultMap="abatorgenerated_BasicMovieResult">
    <!--
      WARNING - This element is automatically generated by Abator for iBATIS, do not modify.
      This element was generated on Thu Mar 01 13:40:53 CST 2007.
    -->
    select MOVIE_ID, NAME, PLOT_SUMMARY, RELEASE_DATE
    from JUG.MOVIE
    <isParameterPresent>
      <include refid="JUG_MOVIE.abatorgenerated_Example_Where_Clause"/>
      <isNotNull property="orderByClause">
        order by $orderByClause$
      </isNotNull>
    </isParameterPresent>
  </select>
  <delete id="abatorgenerated_deleteByPrimaryKey" parameterClass="jug.abator.generated.domain.BasicMovie">
    <!--
      WARNING - This element is automatically generated by Abator for iBATIS, do not modify.
      This element was generated on Thu Mar 01 13:40:53 CST 2007.
    -->
    delete from JUG.MOVIE
    where MOVIE_ID = #id:INTEGER#
  </delete>
  <delete id="abatorgenerated_deleteByExample" parameterClass="jug.abator.generated.domain.BasicMovieExample">
    <!--
      WARNING - This element is automatically generated by Abator for iBATIS, do not modify.
      This element was generated on Thu Mar 01 13:40:53 CST 2007.
    -->
    delete from JUG.MOVIE
    <include refid="JUG_MOVIE.abatorgenerated_Example_Where_Clause"/>
  </delete>
  <insert id="abatorgenerated_insert" parameterClass="jug.abator.generated.domain.BasicMovie">
    <!--
      WARNING - This element is automatically generated by Abator for iBATIS, do not modify.
      This element was generated on Thu Mar 01 13:40:53 CST 2007.
    -->
    insert into JUG.MOVIE (NAME, PLOT_SUMMARY, RELEASE_DATE)
    values (#name:VARCHAR#, #plotSummary:VARCHAR#, #releaseDate:DATE#)
    <selectKey keyProperty="id" resultClass="java.lang.Integer">
      VALUES IDENTITY_VAL_LOCAL()
    </selectKey>
  </insert>
  <update id="abatorgenerated_updateByPrimaryKey" parameterClass="jug.abator.generated.domain.BasicMovie">
    <!--
      WARNING - This element is automatically generated by Abator for iBATIS, do not modify.
      This element was generated on Thu Mar 01 13:40:53 CST 2007.
    -->
    update JUG.MOVIE
    set NAME = #name:VARCHAR#,
      PLOT_SUMMARY = #plotSummary:VARCHAR#,
      RELEASE_DATE = #releaseDate:DATE#
    where MOVIE_ID = #id:INTEGER#
  </update>
  <update id="abatorgenerated_updateByPrimaryKeySelective" parameterClass="jug.abator.generated.domain.BasicMovie">
    <!--
      WARNING - This element is automatically generated by Abator for iBATIS, do not modify.
      This element was generated on Thu Mar 01 13:40:53 CST 2007.
    -->
    update JUG.MOVIE
    <dynamic prepend="set">
      <isNotNull prepend="," property="name">
        NAME = #name:VARCHAR#
      </isNotNull>
      <isNotNull prepend="," property="plotSummary">
        PLOT_SUMMARY = #plotSummary:VARCHAR#
      </isNotNull>
      <isNotNull prepend="," property="releaseDate">
        RELEASE_DATE = #releaseDate:DATE#
      </isNotNull>
    </dynamic>
    where MOVIE_ID = #id#
  </update>
</sqlMap>
