<?xml version="1.0" encoding="UTF-8"?>
<!DOCTYPE sqlMap PUBLIC "-//ibatis.apache.org//DTD SQL Map 2.0//EN" "http://ibatis.apache.org/dtd/sql-map-2.dtd">
<sqlMap namespace="JUG_AWARD">
  <resultMap class="jug.abator.generated.domain.MovieAward" id="abatorgenerated_MovieAwardResult">
    <!--
      WARNING - This element is automatically generated by Abator for iBATIS, do not modify.
      This element was generated on Thu Mar 01 13:40:53 CST 2007.
    -->
    <result column="AWARD_ID" jdbcType="INTEGER" property="id"/>
    <result column="DESCRIPTION" jdbcType="VARCHAR" property="description"/>
  </resultMap>
  <sql id="abatorgenerated_Example_Where_Clause">
    <!--
      WARNING - This element is automatically generated by Abator for iBATIS, do not modify.
      This element was generated on Thu Mar 01 13:40:53 CST 2007.
    -->
    <iterate conjunction="or" prepend="where" property="oredCriteria" removeFirstPrepend="iterate">
      (
      <iterate conjunction="and" prepend="and" property="oredCriteria[].criteriaWithoutValue">
        $oredCriteria[].criteriaWithoutValue[]$
      </iterate>
      <iterate conjunction="and" prepend="and" property="oredCriteria[].criteriaWithSingleValue">
        $oredCriteria[].criteriaWithSingleValue[].condition$
          #oredCriteria[].criteriaWithSingleValue[].value#
      </iterate>
      <iterate conjunction="and" prepend="and" property="oredCriteria[].criteriaWithListValue">
        $oredCriteria[].criteriaWithListValue[].condition$
        <iterate close=")" conjunction="," open="(" property="oredCriteria[].criteriaWithListValue[].values">
          #oredCriteria[].criteriaWithListValue[].values[]#
        </iterate>
      </iterate>
      <iterate conjunction="and" prepend="and" property="oredCriteria[].criteriaWithBetweenValue">
        $oredCriteria[].criteriaWithBetweenValue[].condition$
        #oredCriteria[].criteriaWithBetweenValue[].values[0]# and
        #oredCriteria[].criteriaWithBetweenValue[].values[1]#
      </iterate>
      )
    </iterate>
  </sql>
  <select id="abatorgenerated_selectByPrimaryKey" parameterClass="jug.abator.generated.domain.MovieAward" resultMap="abatorgenerated_MovieAwardResult">
    <!--
      WARNING - This element is automatically generated by Abator for iBATIS, do not modify.
      This element was generated on Thu Mar 01 13:40:53 CST 2007.
    -->
    select AWARD_ID, DESCRIPTION
    from JUG.AWARD
    where AWARD_ID = #id:INTEGER#
  </select>
  <select id="abatorgenerated_selectByExample" parameterClass="jug.abator.generated.domain.MovieAwardExample" resultMap="abatorgenerated_MovieAwardResult">
    <!--
      WARNING - This element is automatically generated by Abator for iBATIS, do not modify.
      This element was generated on Thu Mar 01 13:40:53 CST 2007.
    -->
    select AWARD_ID, DESCRIPTION
    from JUG.AWARD
    <isParameterPresent>
      <include refid="JUG_AWARD.abatorgenerated_Example_Where_Clause"/>
      <isNotNull property="orderByClause">
        order by $orderByClause$
      </isNotNull>
    </isParameterPresent>
  </select>
  <delete id="abatorgenerated_deleteByPrimaryKey" parameterClass="jug.abator.generated.domain.MovieAward">
    <!--
      WARNING - This element is automatically generated by Abator for iBATIS, do not modify.
      This element was generated on Thu Mar 01 13:40:53 CST 2007.
    -->
    delete from JUG.AWARD
    where AWARD_ID = #id:INTEGER#
  </delete>
  <delete id="abatorgenerated_deleteByExample" parameterClass="jug.abator.generated.domain.MovieAwardExample">
    <!--
      WARNING - This element is automatically generated by Abator for iBATIS, do not modify.
      This element was generated on Thu Mar 01 13:40:53 CST 2007.
    -->
    delete from JUG.AWARD
    <include refid="JUG_AWARD.abatorgenerated_Example_Where_Clause"/>
  </delete>
  <insert id="abatorgenerated_insert" parameterClass="jug.abator.generated.domain.MovieAward">
    <!--
      WARNING - This element is automatically generated by Abator for iBATIS, do not modify.
      This element was generated on Thu Mar 01 13:40:53 CST 2007.
    -->
    insert into JUG.AWARD (DESCRIPTION)
    values (#description:VARCHAR#)
    <selectKey keyProperty="id" resultClass="java.lang.Integer">
      VALUES IDENTITY_VAL_LOCAL()
    </selectKey>
  </insert>
  <update id="abatorgenerated_updateByPrimaryKey" parameterClass="jug.abator.generated.domain.MovieAward">
    <!--
      WARNING - This element is automatically generated by Abator for iBATIS, do not modify.
      This element was generated on Thu Mar 01 13:40:53 CST 2007.
    -->
    update JUG.AWARD
    set DESCRIPTION = #description:VARCHAR#
    where AWARD_ID = #id:INTEGER#
  </update>
  <update id="abatorgenerated_updateByPrimaryKeySelective" parameterClass="jug.abator.generated.domain.MovieAward">
    <!--
      WARNING - This element is automatically generated by Abator for iBATIS, do not modify.
      This element was generated on Thu Mar 01 13:40:53 CST 2007.
    -->
    update JUG.AWARD
    <dynamic prepend="set">
      <isNotNull prepend="," property="description">
        DESCRIPTION = #description:VARCHAR#
      </isNotNull>
    </dynamic>
    where AWARD_ID = #id#
  </update>
</sqlMap>
