<?xml version="1.0" encoding="UTF-8" ?>
<!DOCTYPE sqlMap PUBLIC "-//ibatis.apache.org//DTD SQL Map 2.0//EN" 
 "http://ibatis.apache.org/dtd/sql-map-2.dtd" >

<sqlMap namespace="MovieDAO" >
  <resultMap id="MovieResult" class="jug.abator.domain.Movie" groupBy="id" >
    <result column="movie_id" property="id" />
    <result column="name" property="name" />
    <result column="plot_summary" property="plotSummary" />
    <result column="release_date" property="releaseDate" />
    <result property="awards" resultMap="JUG_AWARD.abatorgenerated_MovieAwardResult" />
  </resultMap>
  
  <select id="findMovie" resultMap="MovieResult" parameterClass="java.lang.Integer" >
    select a.movie_id, a.name, a.plot_summary, a.release_date, c.award_id, c.description
    from jug.movie a left join jug.movie_award b on a.movie_id = b.movie_id
      left join jug.award c on b.award_id = c.award_id
    <isParameterPresent>
      where a.movie_id = #value#
    </isParameterPresent>
    <isNotParameterPresent>
      order by a.name
    </isNotParameterPresent>
  </select>
  
  <select id="findMoviesByCriteria" resultMap="MovieResult" parameterClass="jug.abator.domain.MovieSearchCriteria" >
    select a.movie_id, a.name, a.plot_summary, a.release_date, c.award_id, c.description
    from jug.movie a left join jug.movie_award b on a.movie_id = b.movie_id
      left join jug.award c on b.award_id = c.award_id
    <dynamic prepend="where">
      <isNotNull prepend="and" property="releaseDate">
        a.release_date = #releaseDate:DATE#
      </isNotNull>
      <isNotNull prepend="and" property="namePattern">
        a.name like #namePattern:VARCHAR#
      </isNotNull>
    </dynamic>
  </select>
  
  <select id="findMoviesByIds" resultMap="MovieResult" parameterClass="java.util.List" >
    select a.movie_id, a.name, a.plot_summary, a.release_date, c.award_id, c.description
    from jug.movie a left join jug.movie_award b on a.movie_id = b.movie_id
      left join jug.award c on b.award_id = c.award_id
    where a.movie_id in
    <iterate open="(" close=")" conjunction=",">
      #[]#
    </iterate>
  </select>
</sqlMap>
