<?xml version="1.0"?>
<!DOCTYPE ejb-jar PUBLIC '-//Sun Microsystems, Inc.//DTD Enterprise JavaBeans 2.0//EN' 'http://java.sun.com/dtd/ejb-jar_2_0.dtd'>
<ejb-jar>
	<enterprise-beans>
		<session>
			<ejb-name>HelloWorld</ejb-name>
			<home>com.beasys.ejbdemo.session.HelloWorldHome</home>
			<remote>com.beasys.ejbdemo.session.HelloWorld</remote>
			<ejb-class>com.beasys.ejbdemo.session.HelloWorldBean</ejb-class>
			<session-type>Stateless</session-type>
			<transaction-type>Container</transaction-type>
		</session>
		<entity>
			<ejb-name>Message</ejb-name>
			<home>com.beasys.ejbdemo.entity.MessageHome</home>
			<remote>com.beasys.ejbdemo.entity.Message</remote>
			<ejb-class>com.beasys.ejbdemo.entity.MessageBean</ejb-class>
			<persistence-type>Container</persistence-type>
			<prim-key-class>java.lang.String</prim-key-class>
			<reentrant>False</reentrant>
			<cmp-field>
				<field-name>id</field-name>
			</cmp-field>
			<cmp-field>
				<field-name>message</field-name>
			</cmp-field>
			<primkey-field>id</primkey-field>
		</entity>
		<message-driven>
			<ejb-name>AsynchMessage</ejb-name>
			<ejb-class>com.beasys.ejbdemo.mdb.AsynchMessageBean</ejb-class>
			<transaction-type>Container</transaction-type>
			<message-driven-destination>
				<destination-type>javax.jms.Queue</destination-type>
			</message-driven-destination>
		</message-driven>
	</enterprise-beans>
</ejb-jar>
