<?xml version="1.0"?>
<!DOCTYPE weblogic-rdbms-jar PUBLIC '-//BEA Systems, Inc.//DTD WebLogic 6.0.0 EJB RDBMS Persistence//EN' 'http://www.bea.com/servers/wls600/dtd/weblogic-rdbms20-persistence-600.dtd'>
<weblogic-rdbms-jar>
	<weblogic-rdbms-bean>
		<ejb-name>Message</ejb-name>
		<data-source-name>ejbdemo.ds.messages</data-source-name>
		<table-name>ejbMessages</table-name>
		<field-map>
			<cmp-field>id</cmp-field>
			<dbms-column>id</dbms-column>
		</field-map>
		<field-map>
			<cmp-field>message</cmp-field>
			<dbms-column>message</dbms-column>
		</field-map>
	</weblogic-rdbms-bean>
	<create-default-dbms-tables>True</create-default-dbms-tables>
</weblogic-rdbms-jar>
