<?xml version="1.0"?>
<!DOCTYPE weblogic-ejb-jar PUBLIC '-//BEA Systems, Inc.//DTD WebLogic 6.0.0 EJB//EN' 'http://www.bea.com/servers/wls600/dtd/weblogic-ejb-jar.dtd'>
<weblogic-ejb-jar>
	<!-- Example Stateless Session Bean -->
	<weblogic-enterprise-bean>
		<ejb-name>HelloWorld</ejb-name>
		<jndi-name>ejbdemo.HelloWorld</jndi-name>
	</weblogic-enterprise-bean>
	<!-- Example Entity Bean -->
	<weblogic-enterprise-bean>
		<ejb-name>Message</ejb-name>
		<entity-descriptor>
			<persistence>
				<persistence-type>
					<type-identifier>WebLogic_CMP_RDBMS</type-identifier>
					<type-version>6.0</type-version>
					<type-storage>META-INF/weblogic-cmp-rdbms-jar.xml</type-storage>
				</persistence-type>
				<persistence-use>
					<type-identifier>WebLogic_CMP_RDBMS</type-identifier>
					<type-version>6.0</type-version>
				</persistence-use>
			</persistence>
		</entity-descriptor>
		<jndi-name>ejbdemo.Message</jndi-name>
	</weblogic-enterprise-bean>
	<!-- Example Message-driven Bean -->
	<weblogic-enterprise-bean>
		<ejb-name>AsynchMessage</ejb-name>
		<message-driven-descriptor>
			<destination-jndi-name>AsynchMessageDestination</destination-jndi-name>
		</message-driven-descriptor>
		<jndi-name>ejbdemo.AsynchMessage</jndi-name>
	</weblogic-enterprise-bean>
</weblogic-ejb-jar>
